"","Species","SepalLength_mean","SepalLength_sd","SepalLength_se"
"1","setosa",5.006,0.352489687213451,0.0498495696253913
"2","versicolor",5.936,0.516171147063863,0.0729976236683393
"3","virginica",6.588,0.635879593274432,0.089926954484499
